{
  "users": [
    {
      "id": 1,
      "email": "prueba1234@gmail.com",
      "pass": "prueba1234"
    },
    {
      "id": 2,
      "email": "prueba5678@gmail.com",
      "pass": "prueba5678"
    },
    {
      "id": 3,
      "email": "prueba9000@gmail.com",
      "pass": "prueba9000"
    }
  ],
  "access": [
    {
      "id": 1,
      "email": "prueba5678@gmail.com",
      "date": "13/2/2023, 08:40:45"
    },
    {
      "id": 2,
      "email": "prueba5678@gmail.com",
      "date": "29/1/2023, 14:33:37"
    },
    {
      "id": 3,
      "email": "prueba1234@gmail.com",
      "date": "14/12/2022, 13:48:15"
    },
    {
      "id": 4,
      "email": "prueba9000@gmail.com",
      "date": "15/1/2022, 22:22:22"
    },
    {
      "email": "prueba1234@gmail.com",
      "date": "13/2/2023, 9:38:15",
      "id": 5
    },
    {
      "email": "prueba5678@gmail.com",
      "date": "13/2/2023, 9:38:51",
      "id": 6
    },
    {
      "email": "prueba9000@gmail.com",
      "date": "13/2/2023, 9:39:10",
      "id": 7
    }
  ]
}