{
  "products": [
    {
      "id": 1,
      "name": "laptop",
      "price": 1599.99,
      "description": "HP Laptop",
      "categoryId": 1
    },
    {
      "id": 2,
      "name": "monitor",
      "price": 199.99,
      "description": "Monitor LCD LG",
      "categoryId": 1
    },
    {
      "id": 3,
      "name": "mouse",
      "price": 20,
      "description": "Razer Gaming Mouse",
      "categoryId": 2
    },
    {
      "id": 4,
      "name": "keyboard",
      "price": 399,
      "description": "Gaming Keyboard",
      "categoryId": 2
    },
    {
      "name": "Screenardo",
      "price": "399",
      "description": "Gamingnardo Screen",
      "categoryId": "2",
      "id": 5
    },
    {
      "name": "Screenardo",
      "price": null,
      "description": "Gamingnardo Screen",
      "categoryId": "2",
      "id": 6
    },
    {
      "name": "Screenardo",
      "price": null,
      "description": "58888",
      "categoryId": "3",
      "id": 7
    }
  ],
  "categories": [
    {
      "id": 1,
      "name": "computers",
      "description": "computers, laptops, monitors, etc"
    },
    {
      "id": 2,
      "name": "gaming",
      "description": "mouse, monitors, keyboards, etc"
    },
    {
      "id": "5",
      "name": "Pepardo",
      "description": "Pepe el magnifico"
    },
    {
      "name": "",
      "description": "",
      "id": "P3n7XfX"
    }
  ]
}